BOARDID,SECID,TRADEDATE,SHORTNAME,NAME,CLOSE,OPEN,HIGH,LOW,VALUE,DURATION,YIELD,DECIMALS,CAPITALIZATION,CURRENCYID,DIVISOR,TRADINGSESSION,VOLUME,TRADE_SESSION_DATE,RECALC_DATE
SNDX,IMOEX,2024-01-03,Индекс МосБиржи,Индекс МосБиржи,3130.23,3099.78,3132.76,3099.1,25999773751.67,0,0,2,5543796692844.549,RUB,1771049604.4106,3,,2024-01-03,
SNDX,IMOEX,2024-01-04,Индекс МосБиржи,Индекс МосБиржи,3136.07,3140.66,3144.25,3133.93,22880636623.45,0,0,2,5554128976420.323,RUB,1771049604.4106,3,,2024-01-04,
SNDX,IMOEX,2024-01-05,Индекс МосБиржи,Индекс МосБиржи,3136.37,3138.27,3142.8,3128.16,20822444164.74,0,0,2,5554667961113.862,RUB,1771049604.4106,3,,2024-01-05,
SNDX,IMOEX,2024-01-08,Индекс МосБиржи,Индекс МосБиржи,3158.58,3140.12,3158.82,3139.37,35541931860.41,0,0,2,5594008565482.104,RUB,1771049604.4106,3,,2024-01-08,
SNDX,IMOEX,2024-01-09,Индекс МосБиржи,Индекс МосБиржи,3155.55,3156.17,3158.72,3143.03,49269572379.41,0,0,2,5588634449488.357,RUB,1771049604.4106,3,,2024-01-09,
SNDX,IMOEX,2024-01-10,Индекс МосБиржи,Индекс МосБиржи,3164.7,3158.35,3174.28,3156.44,42849987789.07,0,0,2,5604837885383.418,RUB,1771049604.4106,3,,2024-01-10,
SNDX,IMOEX,2024-01-11,Индекс МосБиржи,Индекс МосБиржи,3181.25,3158.3,3181.25,3148.5,75731238106.29,0,0,2,5634154202843.258,RUB,1771049604.4106,3,,2024-01-11,
SNDX,IMOEX,2024-01-12,Индекс МосБиржи,Индекс МосБиржи,3185.22,3182.5,3196.98,3176.09,54148316321.9,0,0,2,5641181909833.32,RUB,1771049604.4106,3,,2024-01-12,
SNDX,IMOEX,2024-01-15,Индекс МосБиржи,Индекс МосБиржи,3184.88,3190.62,3200.78,3176.73,50735907185.46,0,0,2,5640583716303.106,RUB,1771049604.4106,3,,2024-01-15,
SNDX,IMOEX,2024-01-16,Индекс МосБиржи,Индекс МосБиржи,3179.45,3186.77,3187.14,3162.98,50278982619.43,0,0,2,5630959078278.115,RUB,1771049604.4106,3,,2024-01-16,
SNDX,IMOEX,2024-01-17,Индекс МосБиржи,Индекс МосБиржи,3185.23,3174.87,3189.26,3169.99,47074341522.51,0,0,2,5641203231938.323,RUB,1771049604.4106,3,,2024-01-17,
SNDX,IMOEX,2024-01-18,Индекс МосБиржи,Индекс МосБиржи,3178.85,3188.71,3193.54,3176.72,43119055602.56,0,0,2,5629902520189.194,RUB,1771049604.4106,3,,2024-01-18,
SNDX,IMOEX,2024-01-19,Индекс МосБиржи,Индекс МосБиржи,3166.37,3176.13,3179.21,3154.46,45854909733.92,0,0,2,5607804469204.084,RUB,1771049604.4106,3,,2024-01-19,
SNDX,IMOEX,2024-01-22,Индекс МосБиржи,Индекс МосБиржи,3172.15,3161.44,3179.11,3157.37,42130512576.53,0,0,2,5618035146320.089,RUB,1771049604.4106,3,,2024-01-22,
SNDX,IMOEX,2024-01-23,Индекс МосБиржи,Индекс МосБиржи,3175.74,3176.19,3179.75,3166.66,45044845848.28,0,0,2,5624395247113.407,RUB,1771049604.4106,3,,2024-01-23,
SNDX,IMOEX,2024-01-24,Индекс МосБиржи,Индекс МосБиржи,3162.41,3176.59,3183.7,3152.96,46503277369.16,0,0,2,5600788948314.603,RUB,1771049604.4106,3,,2024-01-24,
SNDX,IMOEX,2024-01-25,Индекс МосБиржи,Индекс МосБиржи,3157.74,3163.36,3166.95,3143.89,45461201946.99,0,0,2,5592514271956.743,RUB,1771049604.4106,3,,2024-01-25,
SNDX,IMOEX,2024-01-26,Индекс МосБиржи,Индекс МосБиржи,3163.21,3164.55,3171.95,3157.76,45979583256.1,0,0,2,5602204510666.4375,RUB,1771049604.4106,3,,2024-01-26,
SNDX,IMOEX,2024-01-29,Индекс МосБиржи,Индекс МосБиржи,3176.61,3169.57,3184.15,3169.57,46667512330.43,0,0,2,5625939533541.791,RUB,1771049604.4106,3,,2024-01-29,
SNDX,IMOEX,2024-01-30,Индекс МосБиржи,Индекс МосБиржи,3196.08,3181.75,3196.15,3178.82,71884614820.82,0,0,2,5660407726997.055,RUB,1771049604.4106,3,,2024-01-30,
SNDX,IMOEX,2024-01-31,Индекс МосБиржи,Индекс МосБиржи,3214.19,3201.48,3219.41,3198.83,62393378068.08,0,0,2,5692494205390.25,RUB,1771049604.4106,3,,2024-01-31,
SNDX,IMOEX,2024-02-01,Индекс МосБиржи,Индекс МосБиржи,3229.89,3220.43,3233.21,3220.38,56072080314.88,0,0,2,5720290217428.503,RUB,1771049604.4106,3,,2024-02-01,
SNDX,IMOEX,2024-02-02,Индекс МосБиржи,Индекс МосБиржи,3226.35,3229.48,3232.35,3215.0,58221436623.55,0,0,2,5714033262411.888,RUB,1771049604.4106,3,,2024-02-02,
SNDX,IMOEX,2024-02-05,Индекс МосБиржи,Индекс МосБиржи,3226.79,3218.91,3232.38,3218.91,79772720557.48,0,0,2,5714807505067.155,RUB,1771049604.4106,3,,2024-02-05,
SNDX,IMOEX,2024-02-06,Индекс МосБиржи,Индекс МосБиржи,3238.4,3234.44,3238.4,3228.78,47381481665.38,0,0,2,5735360498505.155,RUB,1771049604.4106,3,,2024-02-06,
SNDX,IMOEX,2024-02-07,Индекс МосБиржи,Индекс МосБиржи,3256.58,3240.57,3259.24,3240.16,71996364667.13,0,0,2,5767571688331.713,RUB,1771049604.4106,3,,2024-02-07,
SNDX,IMOEX,2024-02-08,Индекс МосБиржи,Индекс МосБиржи,3241.81,3261.18,3266.45,3236.79,93017428633.36,0,0,2,5741398037305.686,RUB,1771049604.4106,3,,2024-02-08,
SNDX,IMOEX,2024-02-09,Индекс МосБиржи,Индекс МосБиржи,3242.38,3231.3,3242.38,3219.56,49774764900.27,0,0,2,5742421428645.331,RUB,1771049604.4106,3,,2024-02-09,
SNDX,IMOEX,2024-02-12,Индекс МосБиржи,Индекс МосБиржи,3248.5,3241.57,3248.5,3227.7,53148275940.8,0,0,2,5753248815460.826,RUB,1771049604.4106,3,,2024-02-12,
SNDX,IMOEX,2024-02-13,Индекс МосБиржи,Индекс МосБиржи,3254.6,3250.3,3259.69,3245.02,61252409706.73,0,0,2,5764057512485.212,RUB,1771049604.4106,3,,2024-02-13,
SNDX,IMOEX,2024-02-14,Индекс МосБиржи,Индекс МосБиржи,3258.14,3261.52,3267.88,3251.76,61011261936.57,0,0,2,5770322878463.906,RUB,1771049604.4106,3,,2024-02-14,
SNDX,IMOEX,2024-02-15,Индекс МосБиржи,Индекс МосБиржи,3265.63,3249.78,3265.83,3238.83,59605264673.06,0,0,2,5783595208551.983,RUB,1771049604.4106,3,,2024-02-15,
SNDX,IMOEX,2024-02-16,Индекс МосБиржи,Индекс МосБиржи,3242.48,3269.84,3275.23,3236.42,75952339426.53,0,0,2,5742584761272.7705,RUB,1771049604.4106,3,,2024-02-16,
SNDX,IMOEX,2024-02-19,Индекс МосБиржи,Индекс МосБиржи,3244.56,3247.46,3253.02,3234.1,53050781619.74,0,0,2,5746268980190.182,RUB,1771049604.4106,3,,2024-02-19,
SNDX,IMOEX,2024-02-20,Индекс МосБиржи,Индекс МосБиржи,3207.49,3236.85,3237.34,3206.07,64739998498.75,0,0,2,5680617161673.282,RUB,1771049604.4106,3,,2024-02-20,
SNDX,IMOEX,2024-02-21,Индекс МосБиржи,Индекс МосБиржи,3139.5,3173.01,3185.8,3135.8,105014105685.64,0,0,2,5560209822236.112,RUB,1771049604.4106,3,,2024-02-21,
SNDX,IMOEX,2024-02-22,Индекс МосБиржи,Индекс МосБиржи,3142.3,3152.75,3166.86,3141.88,66954855491.29,0,0,2,5565171502532.843,RUB,1771049604.4106,3,,2024-02-22,
SNDX,IMOEX,2024-02-26,Индекс МосБиржи,Индекс МосБиржи,3213.17,3186.06,3213.17,3186.06,69530002768.27,0,0,2,5690685725308.576,RUB,1771049604.4106,3,,2024-02-26,
SNDX,IMOEX,2024-02-27,Индекс МосБиржи,Индекс МосБиржи,3208.99,3220.26,3224.52,3203.58,55160994984.57,0,0,2,5674890851090.484,RUB,1768432736.5807,3,,2024-02-27,
SNDX,IMOEX,2024-02-28,Индекс МосБиржи,Индекс МосБиржи,3227.05,3215.53,3240.29,3213.36,61902884647.06,0,0,2,5706818346428.266,RUB,1768432736.5807,3,,2024-02-28,
SNDX,IMOEX,2024-02-29,Индекс МосБиржи,Индекс МосБиржи,3256.8,3233.03,3258.14,3224.09,50717302607.49,0,0,2,5759439640918.258,RUB,1768432736.5807,3,,2024-02-29,
SNDX,IMOEX,2024-03-01,Индекс МосБиржи,Индекс МосБиржи,3266.66,3259.0,3269.28,3249.69,59649504551.0,0,0,2,5776877292837.549,RUB,1768432736.5807,3,,2024-03-01,
SNDX,IMOEX,2024-03-04,Индекс МосБиржи,Индекс МосБиржи,3296.75,3278.01,3298.63,3277.85,86678820262.54,0,0,2,5830086112099.29,RUB,1768432736.5807,3,,2024-03-04,
SNDX,IMOEX,2024-03-05,Индекс МосБиржи,Индекс МосБиржи,3300.89,3305.79,3312.41,3283.59,66185929581.91,0,0,2,5837396927995.152,RUB,1768432736.5807,3,,2024-03-05,
SNDX,IMOEX,2024-03-06,Индекс МосБиржи,Индекс МосБиржи,3310.58,3298.86,3318.14,3289.25,49425403549.9,0,0,2,5854540658964.04,RUB,1768432736.5807,3,,2024-03-06,
SNDX,IMOEX,2024-03-07,Индекс МосБиржи,Индекс МосБиржи,3315.68,3309.31,3317.73,3303.93,42342887170.98,0,0,2,5863561274249.717,RUB,1768432736.5807,3,,2024-03-07,
SNDX,IMOEX,2024-03-11,Индекс МосБиржи,Индекс МосБиржи,3320.31,3329.72,3340.37,3318.9,63702584994.11,0,0,2,5871744458868.825,RUB,1768432736.5807,3,,2024-03-11,
SNDX,IMOEX,2024-03-12,Индекс МосБиржи,Индекс МосБиржи,3332.6,3320.18,3335.41,3304.49,54192454895.39,0,0,2,5893473213458.932,RUB,1768432736.5807,3,,2024-03-12,
SNDX,IMOEX,2024-03-13,Индекс МосБиржи,Индекс МосБиржи,3320.68,3337.56,3343.56,3317.19,60223172466.69,0,0,2,5872394696712.552,RUB,1768432736.5807,3,,2024-03-13,
SNDX,IMOEX,2024-03-14,Индекс МосБиржи,Индекс МосБиржи,3297.0,3314.66,3318.49,3287.86,69642224630.18,0,0,2,5830518802391.756,RUB,1768432736.5807,3,,2024-03-14,
SNDX,IMOEX,2024-03-15,Индекс МосБиржи,Индекс МосБиржи,3300.07,3295.15,3313.42,3292.13,49159051514.11,0,0,2,5835956144620.673,RUB,1768432736.5807,3,,2024-03-15,
SNDX,IMOEX,2024-03-18,Индекс МосБиржи,Индекс МосБиржи,3296.3,3305.67,3313.05,3292.0,87440343638.56,0,0,2,5829290769223.245,RUB,1768432736.5807,3,,2024-03-18,
SNDX,IMOEX,2024-03-19,Индекс МосБиржи,Индекс МосБиржи,3264.97,3293.93,3303.52,3254.3,126000973325.8,0,0,2,5773872854885.664,RUB,1768432736.5807,3,,2024-03-19,
SNDX,IMOEX,2024-03-20,Индекс МосБиржи,Индекс МосБиржи,3267.1,3268.87,3286.72,3257.72,137291165836.83,0,0,2,5777654594703.682,RUB,1768432736.5807,3,,2024-03-20,
SNDX,IMOEX,2024-03-21,Индекс МосБиржи,Индекс МосБиржи,3286.69,3286.75,3297.46,3259.03,108017217102.03,0,0,2,5812294536703.006,RUB,1768432736.5807,3,,2024-03-21,
SNDX,IMOEX,2024-03-22,Индекс МосБиржи,Индекс МосБиржи,3273.49,3289.28,3299.19,3260.39,88262062537.11,0,0,2,5775456769183.587,RUB,1764312998.5761,3,,2024-03-22,
SNDX,IMOEX,2024-03-25,Индекс МосБиржи,Индекс МосБиржи,3281.63,3251.24,3281.63,3234.95,71511600961.75,0,0,2,5789816537986.542,RUB,1764312998.5761,3,,2024-03-25,
SNDX,IMOEX,2024-03-26,Индекс МосБиржи,Индекс МосБиржи,3285.54,3286.2,3291.0,3275.8,59783293439.42,0,0,2,5796714472247.227,RUB,1764312998.5761,3,,2024-03-26,
SNDX,IMOEX,2024-03-27,Индекс МосБиржи,Индекс МосБиржи,3304.09,3291.7,3304.09,3280.03,51422673944.24,0,0,2,5829443069275.102,RUB,1764312998.5761,3,,2024-03-27,
SNDX,IMOEX,2024-03-28,Индекс МосБиржи,Индекс МосБиржи,3312.77,3308.26,3313.59,3301.52,61649303454.67,0,0,2,5844767342306.703,RUB,1764312998.5761,3,,2024-03-28,
SNDX,IMOEX,2024-03-29,Индекс МосБиржи,Индекс МосБиржи,3332.53,3313.17,3332.53,3305.22,59294620380.39,0,0,2,5879631533134.569,RUB,1764312998.5761,3,,2024-03-29,
SNDX,IMOEX,2024-04-01,Индекс МосБиржи,Индекс МосБиржи,3363.29,3343.66,3367.34,3343.66,101013487719.6,0,0,2,5933899665827.175,RUB,1764312998.5761,3,,2024-04-01,
SNDX,IMOEX,2024-04-02,Индекс МосБиржи,Индекс МосБиржи,3371.29,3369.32,3375.69,3357.55,80210555236.1,0,0,2,5948018068188.036,RUB,1764312998.5761,3,,2024-04-02,
SNDX,IMOEX,2024-04-03,Индекс МосБиржи,Индекс МосБиржи,3395.59,3381.95,3397.33,3376.63,86023975807.27,0,0,2,5990890133319.0205,RUB,1764312998.5761,3,,2024-04-03,
SNDX,IMOEX,2024-04-04,Индекс МосБиржи,Индекс МосБиржи,3407.57,3399.81,3409.62,3392.06,80827897828.97,0,0,2,6012013237287.106,RUB,1764312998.5761,3,,2024-04-04,
SNDX,IMOEX,2024-04-05,Индекс МосБиржи,Индекс МосБиржи,3395.37,3393.2,3401.16,3385.42,59263336534.39,0,0,2,5990502483734.417,RUB,1764312998.5761,3,,2024-04-05,
SNDX,IMOEX,2024-04-08,Индекс МосБиржи,Индекс МосБиржи,3417.38,3400.82,3423.35,3400.82,72360399146.1,0,0,2,6029329275303.766,RUB,1764312998.5761,3,,2024-04-08,
SNDX,IMOEX,2024-04-09,Индекс МосБиржи,Индекс МосБиржи,3414.26,3423.41,3441.18,3408.99,84388299086.8,0,0,2,6023820734311.044,RUB,1764312998.5761,3,,2024-04-09,
SNDX,IMOEX,2024-04-10,Индекс МосБиржи,Индекс МосБиржи,3439.11,3424.75,3440.03,3405.46,68204100239.98,0,0,2,6067659667641.639,RUB,1764312998.5761,3,,2024-04-10,
SNDX,IMOEX,2024-04-11,Индекс МосБиржи,Индекс МосБиржи,3439.53,3442.84,3455.61,3431.18,53525607759.33,0,0,2,6068405796074.9795,RUB,1764312998.5761,3,,2024-04-11,
SNDX,IMOEX,2024-04-12,Индекс МосБиржи,Индекс МосБиржи,3456.24,3448.6,3464.0,3446.79,63944927459.55,0,0,2,6097892530647.947,RUB,1764312998.5761,3,,2024-04-12,
SNDX,IMOEX,2024-04-15,Индекс МосБиржи,Индекс МосБиржи,3472.19,3456.38,3476.98,3454.06,74215544275.99,0,0,2,6126033832083.646,RUB,1764312998.5761,3,,2024-04-15,
SNDX,IMOEX,2024-04-16,Индекс МосБиржи,Индекс МосБиржи,3462.94,3478.02,3479.04,3459.45,66353162008.45,0,0,2,6109716852026.842,RUB,1764312998.5761,3,,2024-04-16,
SNDX,IMOEX,2024-04-17,Индекс МосБиржи,Индекс МосБиржи,3454.07,3469.57,3476.72,3443.07,67369551423.54,0,0,2,6094058831272.812,RUB,1764312998.5761,3,,2024-04-17,
SNDX,IMOEX,2024-04-18,Индекс МосБиржи,Индекс МосБиржи,3455.82,3451.37,3457.46,3436.95,56908603957.8,0,0,2,6097149770512.594,RUB,1764312998.5761,3,,2024-04-18,
SNDX,IMOEX,2024-04-19,Индекс МосБиржи,Индекс МосБиржи,3470.88,3458.86,3475.13,3451.48,54079516423.77,0,0,2,6123724939813.902,RUB,1764312998.5761,3,,2024-04-19,
SNDX,IMOEX,2024-04-22,Индекс МосБиржи,Индекс МосБиржи,3479.17,3468.09,3480.21,3460.58,82859286926.77,0,0,2,6138350247110.228,RUB,1764312998.5761,3,,2024-04-22,
SNDX,IMOEX,2024-04-23,Индекс МосБиржи,Индекс МосБиржи,3439.42,3483.26,3487.55,3436.83,97852906259.59,0,0,2,6068213993233.173,RUB,1764312998.5761,3,,2024-04-23,
SNDX,IMOEX,2024-04-24,Индекс МосБиржи,Индекс МосБиржи,3428.93,3438.45,3445.67,3423.17,59540956724.47,0,0,2,6049705341672.139,RUB,1764312998.5761,3,,2024-04-24,
SNDX,IMOEX,2024-04-25,Индекс МосБиржи,Индекс МосБиржи,3439.76,3429.62,3443.74,3427.02,47461288356.07,0,0,2,6068809203366.624,RUB,1764312998.5761,3,,2024-04-25,
SNDX,IMOEX,2024-04-26,Индекс МосБиржи,Индекс МосБиржи,3449.77,3446.39,3459.12,3438.06,52160044316.96,0,0,2,6086474883657.401,RUB,1764312998.5761,3,,2024-04-26,
SNDX,IMOEX,2024-04-27,Индекс МосБиржи,Индекс МосБиржи,3465.85,3453.63,3467.23,3453.4,49604766719.62,0,0,2,6114847633427.517,RUB,1764312998.5761,3,,2024-04-27,
SNDX,IMOEX,2024-04-29,Индекс МосБиржи,Индекс МосБиржи,3478.08,3468.92,3480.47,3467.25,31730535756.28,0,0,2,6136422166670.123,RUB,1764312998.5761,3,,2024-04-29,
SNDX,IMOEX,2024-04-30,Индекс МосБиржи,Индекс МосБиржи,3469.83,3481.29,3486.3,3464.86,25464035843.12,0,0,2,6121869033023.124,RUB,1764312998.5761,3,,2024-04-30,
SNDX,IMOEX,2024-05-02,Индекс МосБиржи,Индекс МосБиржи,3442.83,3470.87,3477.42,3439.58,56777352917.19,0,0,2,6074221601871.074,RUB,1764312998.5761,3,,2024-05-02,
SNDX,IMOEX,2024-05-03,Индекс МосБиржи,Индекс МосБиржи,3441.77,3443.49,3450.43,3424.63,49713350092.54,0,0,2,6072366944742.428,RUB,1764312998.5761,3,,2024-05-03,
SNDX,IMOEX,2024-05-06,Индекс МосБиржи,Индекс МосБиржи,3436.05,3441.7,3444.11,3418.47,68474003787.1,0,0,2,6062269340351.875,RUB,1764312998.5761,3,,2024-05-06,
SNDX,IMOEX,2024-05-07,Индекс МосБиржи,Индекс МосБиржи,3427.61,3405.82,3428.37,3405.82,62217301713.07,0,0,2,6047370457422.31,RUB,1764312998.5761,3,,2024-05-07,
SNDX,IMOEX,2024-05-08,Индекс МосБиржи,Индекс МосБиржи,3432.54,3431.84,3438.75,3430.1,50959000936.27,0,0,2,6056080535056.872,RUB,1764312998.5761,3,,2024-05-08,
SNDX,IMOEX,2024-05-10,Индекс МосБиржи,Индекс МосБиржи,3449.78,3438.5,3452.33,3438.5,30875827113.66,0,0,2,6086493563201.319,RUB,1764312998.5761,3,,2024-05-10,
SNDX,IMOEX,2024-05-13,Индекс МосБиржи,Индекс МосБиржи,3457.11,3459.05,3465.62,3448.5,62379274951.03,0,0,2,6099430556008.498,RUB,1764312998.5761,3,,2024-05-13,
SNDX,IMOEX,2024-05-14,Индекс МосБиржи,Индекс МосБиржи,3463.93,3465.83,3468.28,3457.31,60647234066.33,0,0,2,6111462042305.668,RUB,1764312998.5761,3,,2024-05-14,
SNDX,IMOEX,2024-05-15,Индекс МосБиржи,Индекс МосБиржи,3470.72,3466.35,3476.49,3462.86,88168220628.54,0,0,2,6123429254503.529,RUB,1764312998.5761,3,,2024-05-15,
SNDX,IMOEX,2024-05-16,Индекс МосБиржи,Индекс МосБиржи,3486.26,3480.48,3490.77,3477.85,64512839673.38,0,0,2,6150859121812.372,RUB,1764312998.5761,3,,2024-05-16,
SNDX,IMOEX,2024-05-17,Индекс МосБиржи,Индекс МосБиржи,3501.89,3495.25,3506.91,3490.17,67229233018.49,0,0,2,6178424218434.928,RUB,1764312998.5761,3,,2024-05-17,
SNDX,IMOEX,2024-05-20,Индекс МосБиржи,Индекс МосБиржи,3468.09,3516.4,3521.72,3468.09,78261180618.47,0,0,2,6118798632792.729,RUB,1764312998.5761,3,,2024-05-20,
SNDX,IMOEX,2024-05-21,Индекс МосБиржи,Индекс МосБиржи,3428.38,3447.25,3460.19,3409.92,90881736070.67,0,0,2,6048734782839.823,RUB,1764312998.5761,3,,2024-05-21,
SNDX,IMOEX,2024-05-22,Индекс МосБиржи,Индекс МосБиржи,3444.64,3433.36,3449.43,3433.36,54366679137.33,0,0,2,6077426290288.004,RUB,1764312998.5761,3,,2024-05-22,
SNDX,IMOEX,2024-05-23,Индекс МосБиржи,Индекс МосБиржи,3442.79,3436.81,3444.79,3407.41,76066732376.7,0,0,2,6074162090779.057,RUB,1764312998.5761,3,,2024-05-23,
SNDX,IMOEX,2024-05-24,Индекс МосБиржи,Индекс МосБиржи,3396.5,3438.65,3442.36,3377.64,83826261455.52,0,0,2,5992483767839.743,RUB,1764312998.5761,3,,2024-05-24,
SNDX,IMOEX,2024-05-27,Индекс МосБиржи,Индекс МосБиржи,3299.22,3384.74,3392.99,3298.21,107526898028.24,0,0,2,5820854757293.982,RUB,1764312998.5761,3,,2024-05-27,
SNDX,IMOEX,2024-05-28,Индекс МосБиржи,Индекс МосБиржи,3302.91,3305.11,3347.85,3277.48,75451014221.56,0,0,2,5827366696547.622,RUB,1764312998.5761,3,,2024-05-28,
SNDX,IMOEX,2024-05-29,Индекс МосБиржи,Индекс МосБиржи,3318.03,3307.76,3323.08,3284.14,63583189080.35,0,0,2,5854038714952.98,RUB,1764312998.5761,3,,2024-05-29,
SNDX,IMOEX,2024-05-30,Индекс МосБиржи,Индекс МосБиржи,3282.18,3332.77,3342.59,3275.54,52811203261.99,0,0,2,5790787193836.7705,RUB,1764312998.5761,3,,2024-05-30,
SNDX,IMOEX,2024-05-31,Индекс МосБиржи,Индекс МосБиржи,3217.19,3258.52,3270.01,3211.19,74789122409.07,0,0,2,5676137159603.447,RUB,1764312998.5761,3,,2024-05-31,
SNDX,IMOEX,2024-06-03,Индекс МосБиржи,Индекс МосБиржи,3141.42,3192.3,3217.36,3087.99,134863407059.92,0,0,2,5542443994414.274,RUB,1764312998.5761,3,,2024-06-03,
SNDX,IMOEX,2024-06-04,Индекс МосБиржи,Индекс МосБиржи,3186.93,3160.01,3201.53,3138.25,76984017380.19,0,0,2,5622744409114.521,RUB,1764312998.5761,3,,2024-06-04,
SNDX,IMOEX,2024-06-05,Индекс МосБиржи,Индекс МосБиржи,3212.24,3217.63,3237.53,3194.73,75207250054.54,0,0,2,5667403800885.753,RUB,1764312998.5761,3,,2024-06-05,
SNDX,IMOEX,2024-06-06,Индекс МосБиржи,Индекс МосБиржи,3192.38,3206.74,3215.99,3178.21,46866503991.39,0,0,2,5632363486476.162,RUB,1764312998.5761,3,,2024-06-06,
SNDX,IMOEX,2024-06-07,Индекс МосБиржи,Индекс МосБиржи,3233.22,3199.75,3268.89,3193.57,91086045033.89,0,0,2,5704412983786.061,RUB,1764312998.5761,3,,2024-06-07,
SNDX,IMOEX,2024-06-10,Индекс МосБиржи,Индекс МосБиржи,3180.94,3245.4,3255.49,3180.21,69816938309.06,0,0,2,5612170930252.225,RUB,1764312998.5761,3,,2024-06-10,
SNDX,IMOEX,2024-06-11,Индекс МосБиржи,Индекс МосБиржи,3171.1,3178.71,3191.27,3148.22,71342883847.77,0,0,2,5594815463841.247,RUB,1764312998.5761,3,,2024-06-11,
SNDX,IMOEX,2024-06-13,Индекс МосБиржи,Индекс МосБиржи,3171.69,3050.03,3178.01,3032.05,99225234409.93,0,0,2,5595845621882.971,RUB,1764312998.5761,3,,2024-06-13,
SNDX,IMOEX,2024-06-14,Индекс МосБиржи,Индекс МосБиржи,3215.91,3171.78,3219.65,3160.17,61274525935.76,0,0,2,5673867279780.672,RUB,1764312998.5761,3,,2024-06-14,
SNDX,IMOEX,2024-06-17,Индекс МосБиржи,Индекс МосБиржи,3183.68,3219.29,3221.84,3183.68,53695026325.72,0,0,2,5617008162824.627,RUB,1764312998.5761,3,,2024-06-17,
SNDX,IMOEX,2024-06-18,Индекс МосБиржи,Индекс МосБиржи,3114.15,3171.38,3176.01,3109.09,64497869312.31,0,0,2,5494343121330.98,RUB,1764312998.5761,3,,2024-06-18,
SNDX,IMOEX,2024-06-19,Индекс МосБиржи,Индекс МосБиржи,3027.47,3104.22,3107.39,3015.84,96431284649.27,0,0,2,5341405221419.167,RUB,1764312998.5761,3,,2024-06-19,
SNDX,IMOEX,2024-06-20,Индекс МосБиржи,Индекс МосБиржи,3123.43,3034.39,3123.43,2996.44,178667728065.76,0,0,2,5510702582471.274,RUB,1764312998.5761,3,,2024-06-20,
SNDX,IMOEX,2024-06-21,Индекс МосБиржи,Индекс МосБиржи,3114.35,3126.25,3141.25,3096.63,57321266627.99,0,0,2,5733418711926.534,RUB,1840968793.2881,3,,2024-06-21,
SNDX,IMOEX,2024-06-24,Индекс МосБиржи,Индекс МосБиржи,3098.05,3109.22,3127.64,3092.83,53508936465.92,0,0,2,5703420940821.755,RUB,1840968793.2881,3,,2024-06-24,
SNDX,IMOEX,2024-06-25,Индекс МосБиржи,Индекс МосБиржи,3111.39,3097.98,3112.82,3074.51,48098553363.25,0,0,2,5727969256288.41,RUB,1840968793.2881,3,,2024-06-25,
SNDX,IMOEX,2024-06-26,Индекс МосБиржи,Индекс МосБиржи,3151.7,3129.01,3156.02,3127.65,61467099536.88,0,0,2,5802182250543.564,RUB,1840968793.2881,3,,2024-06-26,
SNDX,IMOEX,2024-06-27,Индекс МосБиржи,Индекс МосБиржи,3150.32,3154.58,3158.4,3122.08,57459869444.9,0,0,2,5799643909567.68,RUB,1840968793.2881,3,,2024-06-27,
SNDX,IMOEX,2024-06-28,Индекс МосБиржи,Индекс МосБиржи,3154.36,3150.22,3165.31,3141.37,49111799880.19,0,0,2,5807074902615.016,RUB,1840968793.2881,3,,2024-06-28,
SNDX,IMOEX,2024-07-01,Индекс МосБиржи,Индекс МосБиржи,3186.19,3160.7,3186.76,3153.93,52689785699.36,0,0,2,5865672041113.832,RUB,1840968793.2881,3,,2024-07-01,
SNDX,IMOEX,2024-07-02,Индекс МосБиржи,Индекс МосБиржи,3217.29,3199.03,3221.5,3190.18,64108022119.4,0,0,2,5922921520703.442,RUB,1840968793.2881,3,,2024-07-02,
SNDX,IMOEX,2024-07-03,Индекс МосБиржи,Индекс МосБиржи,3203.07,3219.11,3226.16,3196.31,66528489246.6,0,0,2,5896752765207.672,RUB,1840968793.2881,3,,2024-07-03,
SNDX,IMOEX,2024-07-04,Индекс МосБиржи,Индекс МосБиржи,3133.81,3190.58,3195.67,3123.92,67804642568.03,0,0,2,5769255333323.733,RUB,1840968793.2881,3,,2024-07-04,
SNDX,IMOEX,2024-07-05,Индекс МосБиржи,Индекс МосБиржи,3149.29,3131.87,3158.83,3103.49,78455302897.41,0,0,2,5797747954766.781,RUB,1840968793.2881,3,,2024-07-05,
SNDX,IMOEX,2024-07-08,Индекс МосБиржи,Индекс МосБиржи,3132.58,3159.18,3174.42,3122.91,57833893115.34,0,0,2,5766978063226.56,RUB,1840968793.2881,3,,2024-07-08,
SNDX,IMOEX,2024-07-09,Индекс МосБиржи,Индекс МосБиржи,3054.07,3123.91,3124.74,3050.05,82095715825.29,0,0,2,5622453820325.852,RUB,1840968793.2881,3,,2024-07-09,
SNDX,IMOEX,2024-07-10,Индекс МосБиржи,Индекс МосБиржи,2975.75,3044.66,3056.98,2967.45,104732266214.36,0,0,2,5478264693091.985,RUB,1840968793.2881,3,,2024-07-10,
SNDX,IMOEX,2024-07-11,Индекс МосБиржи,Индекс МосБиржи,2992.21,2908.02,2996.34,2901.61,124876150388.24,0,0,2,5508556239374.213,RUB,1840968793.2881,3,,2024-07-11,
SNDX,IMOEX,2024-07-12,Индекс МосБиржи,Индекс МосБиржи,2973.21,3004.64,3022.0,2957.91,71455309280.41,0,0,2,5473586171330.908,RUB,1840968793.2881,3,,2024-07-12,
SNDX,IMOEX,2024-07-15,Индекс МосБиржи,Индекс МосБиржи,2913.48,2986.32,2994.45,2910.48,81299673295.8,0,0,2,5363628179510.812,RUB,1840968793.2881,3,,2024-07-15,
SNDX,IMOEX,2024-07-16,Индекс МосБиржи,Индекс МосБиржи,2944.86,2914.0,2962.11,2879.23,105077148856.9,0,0,2,5421404315654.455,RUB,1840968793.2881,3,,2024-07-16,
SNDX,IMOEX,2024-07-17,Индекс МосБиржи,Индекс МосБиржи,2947.24,2963.21,2984.15,2938.47,76001368591.84,0,0,2,5425783886704.943,RUB,1840968793.2881,3,,2024-07-17,
SNDX,IMOEX,2024-07-18,Индекс МосБиржи,Индекс МосБиржи,2980.62,2922.77,2980.62,2908.07,72509100456.96,0,0,2,5487224896816.515,RUB,1840968793.2881,3,,2024-07-18,
SNDX,IMOEX,2024-07-19,Индекс МосБиржи,Индекс МосБиржи,3008.24,2988.27,3024.88,2974.62,76586341501.8,0,0,2,5538067889443.282,RUB,1840968793.2881,3,,2024-07-19,
SNDX,IMOEX,2024-07-22,Индекс МосБиржи,Индекс МосБиржи,3024.54,3023.1,3042.14,3010.15,67161764469.53,0,0,2,5568076077188.141,RUB,1840968793.2881,3,,2024-07-22,
SNDX,IMOEX,2024-07-23,Индекс МосБиржи,Индекс МосБиржи,3028.01,3032.53,3033.18,3003.69,49765369487.69,0,0,2,5574473755056.744,RUB,1840968793.2881,3,,2024-07-23,
SNDX,IMOEX,2024-07-24,Индекс МосБиржи,Индекс МосБиржи,3051.76,3029.12,3054.34,3015.78,54541834247.66,0,0,2,5618193826423.214,RUB,1840968793.2881,3,,2024-07-24,
SNDX,IMOEX,2024-07-25,Индекс МосБиржи,Индекс МосБиржи,3041.37,3044.6,3045.7,3019.61,45402898686.65,0,0,2,5599069535066.849,RUB,1840968793.2881,3,,2024-07-25,
SNDX,IMOEX,2024-07-26,Индекс МосБиржи,Индекс МосБиржи,2993.23,3034.31,3060.68,2972.53,117295728436.57,0,0,2,5510434403142.867,RUB,1840968793.2881,3,,2024-07-26,
SNDX,IMOEX,2024-07-29,Индекс МосБиржи,Индекс МосБиржи,2906.95,2979.43,2979.43,2906.95,80012163595.47,0,0,2,5351598202489.541,RUB,1840968793.2881,3,,2024-07-29,
SNDX,IMOEX,2024-07-30,Индекс МосБиржи,Индекс МосБиржи,2944.78,2906.66,2951.66,2895.25,72640227262.16,0,0,2,5421253060119.404,RUB,1840968793.2881,3,,2024-07-30,
SNDX,IMOEX,2024-07-31,Индекс МосБиржи,Индекс МосБиржи,2942.68,2952.19,2961.7,2927.05,54526753602.44,0,0,2,5417379131337.019,RUB,1840968793.2881,3,,2024-07-31,
SNDX,IMOEX,2024-08-01,Индекс МосБиржи,Индекс МосБиржи,2935.69,2950.86,2966.66,2935.69,38981478051.05,0,0,2,5404520513014.436,RUB,1840968793.2881,3,,2024-08-01,
SNDX,IMOEX,2024-08-02,Индекс МосБиржи,Индекс МосБиржи,2899.0,2927.77,2932.16,2887.3,51177304095.63,0,0,2,5336959685233.494,RUB,1840968793.2881,3,,2024-08-02,
SNDX,IMOEX,2024-08-05,Индекс МосБиржи,Индекс МосБиржи,2828.72,2859.12,2868.46,2807.05,94554388275.77,0,0,2,5207578463628.052,RUB,1840968793.2881,3,,2024-08-05,
SNDX,IMOEX,2024-08-06,Индекс МосБиржи,Индекс МосБиржи,2830.75,2839.41,2863.45,2814.15,56190154161.13,0,0,2,5211331576691.471,RUB,1840968793.2881,3,,2024-08-06,
SNDX,IMOEX,2024-08-07,Индекс МосБиржи,Индекс МосБиржи,2874.94,2840.21,2875.45,2803.47,72944968965.92,0,0,2,5292678577947.311,RUB,1840968793.2881,3,,2024-08-07,
SNDX,IMOEX,2024-08-08,Индекс МосБиржи,Индекс МосБиржи,2852.51,2877.8,2888.1,2846.93,50925758473.76,0,0,2,5251383600612.379,RUB,1840968793.2881,3,,2024-08-08,
SNDX,IMOEX,2024-08-09,Индекс МосБиржи,Индекс МосБиржи,2848.29,2841.82,2867.29,2829.72,34210258006.59,0,0,2,5243616359729.679,RUB,1840968793.2881,3,,2024-08-09,
SNDX,IMOEX,2024-08-12,Индекс МосБиржи,Индекс МосБиржи,2844.77,2840.33,2858.96,2814.58,52648616171.28,0,0,2,5237127101385.223,RUB,1840968793.2881,3,,2024-08-12,
SNDX,IMOEX,2024-08-13,Индекс МосБиржи,Индекс МосБиржи,2884.6,2858.93,2895.28,2858.93,53550433182.7,0,0,2,5310464745835.849,RUB,1840968793.2881,3,,2024-08-13,
SNDX,IMOEX,2024-08-14,Индекс МосБиржи,Индекс МосБиржи,2871.11,2894.3,2908.63,2867.64,55379302091.44,0,0,2,5285618571591.738,RUB,1840968793.2881,3,,2024-08-14,
SNDX,IMOEX,2024-08-15,Индекс МосБиржи,Индекс МосБиржи,2838.11,2865.45,2868.24,2835.69,42770537783.08,0,0,2,5224873515729.932,RUB,1840968793.2881,3,,2024-08-15,
SNDX,IMOEX,2024-08-16,Индекс МосБиржи,Индекс МосБиржи,2828.2,2838.78,2847.32,2825.12,35419838940.4,0,0,2,5206624317921.922,RUB,1840968793.2881,3,,2024-08-16,
SNDX,IMOEX,2024-08-19,Индекс МосБиржи,Индекс МосБиржи,2775.64,2819.72,2826.24,2775.64,65134610086.68,0,0,2,5109872025630.132,RUB,1840968793.2881,3,,2024-08-19,
SNDX,IMOEX,2024-08-20,Индекс МосБиржи,Индекс МосБиржи,2768.42,2780.43,2799.85,2749.26,76630352630.9,0,0,2,5096578385308.785,RUB,1840968793.2881,3,,2024-08-20,
SNDX,IMOEX,2024-08-21,Индекс МосБиржи,Индекс МосБиржи,2768.14,2771.15,2783.44,2744.51,73178443981.36,0,0,2,5096065805888.018,RUB,1840968793.2881,3,,2024-08-21,
SNDX,IMOEX,2024-08-22,Индекс МосБиржи,Индекс МосБиржи,2725.75,2774.49,2786.76,2725.47,92476656421.35,0,0,2,5018013480065.154,RUB,1840968793.2881,3,,2024-08-22,
SNDX,IMOEX,2024-08-23,Индекс МосБиржи,Индекс МосБиржи,2662.47,2718.11,2729.27,2650.19,110196674146.95,0,0,2,4901515262643.792,RUB,1840968793.2881,3,,2024-08-23,
SNDX,IMOEX,2024-08-26,Индекс МосБиржи,Индекс МосБиржи,2763.75,2746.97,2795.47,2726.98,99653396406.07,0,0,2,5087971852834.718,RUB,1840968793.2881,3,,2024-08-26,
SNDX,IMOEX,2024-08-27,Индекс МосБиржи,Индекс МосБиржи,2730.38,2784.24,2800.0,2726.48,73047883312.0,0,0,2,5026549393386.556,RUB,1840968793.2881,3,,2024-08-27,
SNDX,IMOEX,2024-08-28,Индекс МосБиржи,Индекс МосБиржи,2699.98,2729.72,2729.72,2664.3,94586429599.75,0,0,2,4970574949068.017,RUB,1840968793.2881,3,,2024-08-28,
SNDX,IMOEX,2024-08-29,Индекс МосБиржи,Индекс МосБиржи,2708.27,2714.44,2723.5,2679.43,85021074135.97,0,0,2,4985832138302.3545,RUB,1840968793.2881,3,,2024-08-29,
SNDX,IMOEX,2024-08-30,Индекс МосБиржи,Индекс МосБиржи,2650.32,2717.68,2724.53,2641.08,84958860158.53,0,0,2,4879152970599.89,RUB,1840968793.2881,3,,2024-08-30,
SNDX,IMOEX,2024-09-02,Индекс МосБиржи,Индекс МосБиржи,2545.07,2622.55,2627.58,2540.49,108326589865.18,0,0,2,4685388354110.64,RUB,1840968793.2881,3,,2024-09-02,
SNDX,IMOEX,2024-09-03,Индекс МосБиржи,Индекс МосБиржи,2524.38,2552.32,2603.01,2512.7,117741356417.71,0,0,2,4647310125896.49,RUB,1840968793.2881,3,,2024-09-03,
SNDX,IMOEX,2024-09-04,Индекс МосБиржи,Индекс МосБиржи,2605.15,2539.4,2605.15,2534.21,76906287998.23,0,0,2,4795992442870.514,RUB,1840968793.2881,3,,2024-09-04,
SNDX,IMOEX,2024-09-05,Индекс МосБиржи,Индекс МосБиржи,2621.62,2631.33,2662.0,2607.52,94482305833.58,0,0,2,4826322218220.844,RUB,1840968793.2881,3,,2024-09-05,
SNDX,IMOEX,2024-09-06,Индекс МосБиржи,Индекс МосБиржи,2623.37,2619.23,2648.38,2604.67,59440728924.85,0,0,2,4829537708941.797,RUB,1840968793.2881,3,,2024-09-06,
SNDX,IMOEX,2024-09-09,Индекс МосБиржи,Индекс МосБиржи,2703.17,2642.31,2703.58,2642.31,71836158678.05,0,0,2,4976450007934.387,RUB,1840968793.2881,3,,2024-09-09,
SNDX,IMOEX,2024-09-10,Индекс МосБиржи,Индекс МосБиржи,2671.38,2722.13,2729.73,2667.06,68662304754.42,0,0,2,4917921773846.734,RUB,1840968793.2881,3,,2024-09-10,
SNDX,IMOEX,2024-09-11,Индекс МосБиржи,Индекс МосБиржи,2668.03,2675.16,2690.58,2657.77,44925881232.74,0,0,2,4911766410678.099,RUB,1840968793.2881,3,,2024-09-11,
SNDX,IMOEX,2024-09-12,Индекс МосБиржи,Индекс МосБиржи,2615.0,2656.31,2656.31,2603.81,63903593629.84,0,0,2,4814125968821.904,RUB,1840968793.2881,3,,2024-09-12,
SNDX,IMOEX,2024-09-13,Индекс МосБиржи,Индекс МосБиржи,2678.99,2629.31,2682.16,2582.79,122001987216.4,0,0,2,4931930570750.306,RUB,1840968793.2881,3,,2024-09-13,
SNDX,IMOEX,2024-09-16,Индекс МосБиржи,Индекс МосБиржи,2744.2,2696.66,2746.11,2685.38,83013075200.0,0,0,2,5051993307319.032,RUB,1840968793.2881,3,,2024-09-16,
SNDX,IMOEX,2024-09-17,Индекс МосБиржи,Индекс МосБиржи,2774.04,2753.2,2780.24,2726.91,79582960417.52,0,0,2,5106916684057.6,RUB,1840968793.2881,3,,2024-09-17,
SNDX,IMOEX,2024-09-18,Индекс МосБиржи,Индекс МосБиржи,2751.73,2776.38,2784.15,2742.48,69307069306.58,0,0,2,5065848160925.87,RUB,1840968793.2881,3,,2024-09-18,
SNDX,IMOEX,2024-09-19,Индекс МосБиржи,Индекс МосБиржи,2758.91,2746.41,2777.93,2735.67,70338853740.8,0,0,2,5079066144594.417,RUB,1840968793.2881,3,,2024-09-19,
SNDX,IMOEX,2024-09-20,Индекс МосБиржи,Индекс МосБиржи,2782.35,2760.12,2795.72,2760.12,60484298738.62,0,0,2,5511430740808.556,RUB,1980854948.3018,3,,2024-09-20,
SNDX,IMOEX,2024-09-23,Индекс МосБиржи,Индекс МосБиржи,2819.87,2797.0,2832.22,2797.0,82240145601.76,0,0,2,5585760112017.205,RUB,1980854948.3018,3,,2024-09-23,
SNDX,IMOEX,2024-09-24,Индекс МосБиржи,Индекс МосБиржи,2871.96,2849.0,2871.96,2822.19,113461496980.82,0,0,2,5688929471817.472,RUB,1980854948.3018,3,,2024-09-24,
SNDX,IMOEX,2024-09-25,Индекс МосБиржи,Индекс МосБиржи,2830.11,2878.59,2887.68,2829.75,109827272627.75,0,0,2,5606038200912.232,RUB,1980854948.3018,3,,2024-09-25,
SNDX,IMOEX,2024-09-26,Индекс МосБиржи,Индекс МосБиржи,2829.65,2819.74,2847.78,2807.3,85196945380.32,0,0,2,5605136020113.839,RUB,1980854948.3018,3,,2024-09-26,
SNDX,IMOEX,2024-09-27,Индекс МосБиржи,Индекс МосБиржи,2858.56,2838.11,2861.95,2826.89,59513508934.87,0,0,2,5662384401520.504,RUB,1980854948.3018,3,,2024-09-27,
SNDX,IMOEX,2024-09-30,Индекс МосБиржи,Индекс МосБиржи,2857.56,2861.37,2889.87,2841.3,95737568417.04,0,0,2,5660404136293.379,RUB,1980854948.3018,3,,2024-09-30,
SNDX,IMOEX,2024-10-01,Индекс МосБиржи,Индекс МосБиржи,2814.19,2831.17,2837.42,2792.21,98224295179.5,0,0,2,5574493707581.806,RUB,1980854948.3018,3,,2024-10-01,
SNDX,IMOEX,2024-10-02,Индекс МосБиржи,Индекс МосБиржи,2766.79,2823.42,2838.77,2766.79,84560332899.84,0,0,2,5480616203547.536,RUB,1980854948.3018,3,,2024-10-02,
SNDX,IMOEX,2024-10-03,Индекс МосБиржи,Индекс МосБиржи,2782.39,2767.51,2790.98,2739.92,87671468722.59,0,0,2,5511518147802.202,RUB,1980854948.3018,3,,2024-10-03,
SNDX,IMOEX,2024-10-04,Индекс МосБиржи,Индекс МосБиржи,2804.62,2799.96,2818.12,2789.94,56229804004.11,0,0,2,5555553776968.927,RUB,1980854948.3018,3,,2024-10-04,
SNDX,IMOEX,2024-10-07,Индекс МосБиржи,Индекс МосБиржи,2793.84,2807.85,2817.45,2779.34,54269115201.06,0,0,2,5534192041412.661,RUB,1980854948.3018,3,,2024-10-07,
SNDX,IMOEX,2024-10-08,Индекс МосБиржи,Индекс МосБиржи,2788.37,2786.58,2799.3,2774.74,51851658333.37,0,0,2,5523348720025.422,RUB,1980854948.3018,3,,2024-10-08,
SNDX,IMOEX,2024-10-09,Индекс МосБиржи,Индекс МосБиржи,2748.81,2787.38,2790.14,2748.81,57169478963.14,0,0,2,5444996738827.909,RUB,1980854948.3018,3,,2024-10-09,
SNDX,IMOEX,2024-10-10,Индекс МосБиржи,Индекс МосБиржи,2761.54,2754.16,2775.86,2752.24,46545077193.42,0,0,2,5470220005250.235,RUB,1980854948.3018,3,,2024-10-10,
SNDX,IMOEX,2024-10-11,Индекс МосБиржи,Индекс МосБиржи,2754.52,2758.11,2763.0,2737.96,47511181067.78,0,0,2,5456299427716.553,RUB,1980854948.3018,3,,2024-10-11,
SNDX,IMOEX,2024-10-14,Индекс МосБиржи,Индекс МосБиржи,2773.36,2744.93,2788.18,2723.3,79902621806.91,0,0,2,5477950938147.688,RUB,1975206622.8507,3,,2024-10-14,
SNDX,IMOEX,2024-10-15,Индекс МосБиржи,Индекс МосБиржи,2805.79,2774.56,2810.13,2766.79,58693120361.44,0,0,2,5542007246513.142,RUB,1975206622.8507,3,,2024-10-15,
SNDX,IMOEX,2024-10-16,Индекс МосБиржи,Индекс МосБиржи,2783.46,2805.98,2827.15,2781.28,64909278303.74,0,0,2,5497916816524.153,RUB,1975206622.8507,3,,2024-10-16,
SNDX,IMOEX,2024-10-17,Индекс МосБиржи,Индекс МосБиржи,2763.53,2786.82,2795.14,2763.53,50966828617.82,0,0,2,5458533550311.619,RUB,1975206622.8507,3,,2024-10-17,
SNDX,IMOEX,2024-10-18,Индекс МосБиржи,Индекс МосБиржи,2751.9,2756.3,2770.45,2744.36,51860633640.68,0,0,2,5435578298744.082,RUB,1975206622.8507,3,,2024-10-18,
SNDX,IMOEX,2024-10-21,Индекс МосБиржи,Индекс МосБиржи,2767.71,2759.58,2779.73,2759.58,56778263660.35,0,0,2,5466798659768.81,RUB,1975206622.8507,3,,2024-10-21,
SNDX,IMOEX,2024-10-22,Индекс МосБиржи,Индекс МосБиржи,2755.19,2772.23,2783.82,2754.08,51686245338.62,0,0,2,5442064646306.085,RUB,1975206622.8507,3,,2024-10-22,
SNDX,IMOEX,2024-10-23,Индекс МосБиржи,Индекс МосБиржи,2734.93,2749.53,2755.22,2730.49,58973318264.93,0,0,2,5402048163170.996,RUB,1975206622.8507,3,,2024-10-23,
SNDX,IMOEX,2024-10-24,Индекс МосБиржи,Индекс МосБиржи,2718.42,2723.04,2730.58,2690.83,59473925689.49,0,0,2,5369445251853.445,RUB,1975206622.8507,3,,2024-10-24,
SNDX,IMOEX,2024-10-25,Индекс МосБиржи,Индекс МосБиржи,2660.36,2723.01,2751.23,2657.31,122703298567.75,0,0,2,5254762291722.089,RUB,1975206622.8507,3,,2024-10-25,
SNDX,IMOEX,2024-10-28,Индекс МосБиржи,Индекс МосБиржи,2575.06,2635.95,2652.12,2570.2,107753511272.85,0,0,2,5086266697844.117,RUB,1975206622.8507,3,,2024-10-28,
SNDX,IMOEX,2024-10-29,Индекс МосБиржи,Индекс МосБиржи,2599.66,2582.29,2612.94,2557.65,84296601420.53,0,0,2,5134856503432.507,RUB,1975206622.8507,3,,2024-10-29,
SNDX,IMOEX,2024-10-30,Индекс МосБиржи,Индекс МосБиржи,2615.38,2608.5,2631.8,2592.15,63201741080.99,0,0,2,5165914596153.929,RUB,1975206622.8507,3,,2024-10-30,
SNDX,IMOEX,2024-10-31,Индекс МосБиржи,Индекс МосБиржи,2560.2,2582.47,2593.11,2551.2,71471789145.84,0,0,2,5056923788308.386,RUB,1975206622.8507,3,,2024-10-31,
SNDX,IMOEX,2024-11-01,Индекс МосБиржи,Индекс МосБиржи,2574.71,2562.49,2581.47,2541.82,69804796929.25,0,0,2,5085588715101.291,RUB,1975206622.8507,3,,2024-11-01,
SNDX,IMOEX,2024-11-02,Индекс МосБиржи,Индекс МосБиржи,2594.38,2579.11,2603.1,2579.11,35242560105.29,0,0,2,5124445237234.127,RUB,1975206622.8507,3,,2024-11-02,
SNDX,IMOEX,2024-11-05,Индекс МосБиржи,Индекс МосБиржи,2616.51,2614.13,2624.13,2600.48,47706690692.71,0,0,2,5168152800578.855,RUB,1975206622.8507,3,,2024-11-05,
SNDX,IMOEX,2024-11-06,Индекс МосБиржи,Индекс МосБиржи,2662.87,2676.85,2712.29,2650.6,136880845463.0,0,0,2,5259726049675.009,RUB,1975206622.8507,3,,2024-11-06,
SNDX,IMOEX,2024-11-07,Индекс МосБиржи,Индекс МосБиржи,2690.63,2662.87,2693.93,2633.59,75952754512.47,0,0,2,5314542709280.235,RUB,1975206622.8507,3,,2024-11-07,
SNDX,IMOEX,2024-11-08,Индекс МосБиржи,Индекс МосБиржи,2734.56,2721.64,2749.62,2713.5,91380332226.12,0,0,2,5401329158863.508,RUB,1975206622.8507,3,,2024-11-08,
SNDX,IMOEX,2024-11-11,Индекс МосБиржи,Индекс МосБиржи,2785.31,2782.97,2797.94,2765.18,117885566768.21,0,0,2,5501571564982.462,RUB,1975206622.8507,3,,2024-11-11,
SNDX,IMOEX,2024-11-12,Индекс МосБиржи,Индекс МосБиржи,2756.76,2779.92,2779.92,2747.76,76121460720.21,0,0,2,5445169610547.263,RUB,1975206622.8507,3,,2024-11-12,
SNDX,IMOEX,2024-11-13,Индекс МосБиржи,Индекс МосБиржи,2763.99,2748.61,2771.67,2740.17,72750219157.41,0,0,2,5459451893728.682,RUB,1975206622.8507,3,,2024-11-13,
SNDX,IMOEX,2024-11-14,Индекс МосБиржи,Индекс МосБиржи,2697.47,2740.53,2740.53,2694.56,72939358165.15,0,0,2,5328053923079.15,RUB,1975206622.8507,3,,2024-11-14,
SNDX,IMOEX,2024-11-15,Индекс МосБиржи,Индекс МосБиржи,2739.21,2703.67,2740.08,2697.44,67367423375.4,0,0,2,5410511257864.637,RUB,1975206622.8507,3,,2024-11-15,
SNDX,IMOEX,2024-11-18,Индекс МосБиржи,Индекс МосБиржи,2720.77,2703.31,2729.49,2687.45,94834420304.36,0,0,2,5374082712687.057,RUB,1975206622.8507,3,,2024-11-18,
SNDX,IMOEX,2024-11-19,Индекс МосБиржи,Индекс МосБиржи,2630.51,2713.73,2716.38,2623.59,118720117088.93,0,0,2,5195800841841.6875,RUB,1975206622.8507,3,,2024-11-19,
SNDX,IMOEX,2024-11-20,Индекс МосБиржи,Индекс МосБиржи,2596.89,2640.09,2665.79,2596.06,92951735017.04,0,0,2,5129396551919.959,RUB,1975206622.8507,3,,2024-11-20,
SNDX,IMOEX,2024-11-21,Индекс МосБиржи,Индекс МосБиржи,2568.6,2596.85,2606.14,2557.54,106854126928.31,0,0,2,5073522749807.6,RUB,1975206622.8507,3,,2024-11-21,
SNDX,IMOEX,2024-11-22,Индекс МосБиржи,Индекс МосБиржи,2581.05,2617.66,2628.5,2577.0,86859377531.06,0,0,2,5098099187711.563,RUB,1975206622.8507,3,,2024-11-22,
SNDX,IMOEX,2024-11-25,Индекс МосБиржи,Индекс МосБиржи,2530.69,2583.42,2592.89,2517.58,90550582870.33,0,0,2,4937667176383.47,RUB,1951113246.1063,3,,2024-11-25,
SNDX,IMOEX,2024-11-26,Индекс МосБиржи,Индекс МосБиржи,2464.35,2521.89,2544.83,2455.47,130236296225.19,0,0,2,4808222998664.669,RUB,1951113246.1063,3,,2024-11-26,
SNDX,IMOEX,2024-11-27,Индекс МосБиржи,Индекс МосБиржи,2491.88,2468.73,2512.59,2426.02,167846867706.32,0,0,2,4861939738012.919,RUB,1951113246.1063,3,,2024-11-27,
SNDX,IMOEX,2024-11-28,Индекс МосБиржи,Индекс МосБиржи,2547.88,2530.87,2560.55,2502.0,112723609734.02,0,0,2,4971211487986.993,RUB,1951113246.1063,3,,2024-11-28,
SNDX,IMOEX,2024-11-29,Индекс МосБиржи,Индекс МосБиржи,2578.0,2546.13,2581.88,2533.99,106300055910.89,0,0,2,5029979283699.619,RUB,1951113246.1063,3,,2024-11-29,
SNDX,IMOEX,2024-12-02,Индекс МосБиржи,Индекс МосБиржи,2586.74,2584.19,2600.28,2578.52,81910300544.3,0,0,2,5047020292554.428,RUB,1951113246.1063,3,,2024-12-02,
SNDX,IMOEX,2024-12-03,Индекс МосБиржи,Индекс МосБиржи,2539.64,2585.34,2588.87,2523.54,77669897357.02,0,0,2,4920112540224.606,RUB,1937330022.2731,3,,2024-12-03,
SNDX,IMOEX,2024-12-04,Индекс МосБиржи,Индекс МосБиржи,2485.62,2538.24,2555.99,2482.37,86617126357.72,0,0,2,4815472058415.979,RUB,1937330022.2731,3,,2024-12-04,
SNDX,IMOEX,2024-12-05,Индекс МосБиржи,Индекс МосБиржи,2510.83,2473.75,2525.45,2438.84,115562958918.94,0,0,2,4864309331094.77,RUB,1937330022.2731,3,,2024-12-05,
SNDX,IMOEX,2024-12-06,Индекс МосБиржи,Индекс МосБиржи,2536.23,2527.04,2552.6,2505.9,89323737028.4,0,0,2,4913509550060.843,RUB,1937330022.2731,3,,2024-12-06,
SNDX,IMOEX,2024-12-09,Индекс МосБиржи,Индекс МосБиржи,2572.89,2548.08,2586.31,2543.94,73923620135.87,0,0,2,4984542202598.025,RUB,1937330022.2731,3,,2024-12-09,
SNDX,IMOEX,2024-12-10,Индекс МосБиржи,Индекс МосБиржи,2522.75,2570.01,2570.01,2515.76,78006621722.54,0,0,2,4887391892172.896,RUB,1937330022.2731,3,,2024-12-10,
SNDX,IMOEX,2024-12-11,Индекс МосБиржи,Индекс МосБиржи,2512.54,2514.78,2531.95,2499.82,62860892861.29,0,0,2,4867612791610.16,RUB,1937330022.2731,3,,2024-12-11,
SNDX,IMOEX,2024-12-12,Индекс МосБиржи,Индекс МосБиржи,2492.63,2526.66,2548.06,2488.08,70292788307.46,0,0,2,4829045455089.618,RUB,1937330022.2731,3,,2024-12-12,
SNDX,IMOEX,2024-12-13,Индекс МосБиржи,Индекс МосБиржи,2485.2,2478.78,2487.42,2466.73,57518220727.43,0,0,2,4814659847385.524,RUB,1937330022.2731,3,,2024-12-13,
SNDX,IMOEX,2024-12-16,Индекс МосБиржи,Индекс МосБиржи,2420.3,2474.62,2474.62,2419.57,74593167173.6,0,0,2,4688917568782.647,RUB,1937330022.2731,3,,2024-12-16,
SNDX,IMOEX,2024-12-17,Индекс МосБиржи,Индекс МосБиржи,2377.15,2391.49,2414.17,2370.28,70220415247.65,0,0,2,4605315415461.679,RUB,1937330022.2731,3,,2024-12-17,
SNDX,IMOEX,2024-12-18,Индекс МосБиржи,Индекс МосБиржи,2409.35,2394.47,2410.19,2380.5,57219052976.57,0,0,2,4667709014526.228,RUB,1937330022.2731,3,,2024-12-18,
SNDX,IMOEX,2024-12-19,Индекс МосБиржи,Индекс МосБиржи,2416.45,2428.56,2468.98,2410.22,140860957167.26,0,0,2,4681458115704.874,RUB,1937330022.2731,3,,2024-12-19,
SNDX,IMOEX,2024-12-20,Индекс МосБиржи,Индекс МосБиржи,2638.42,2420.45,2652.58,2419.65,241593379841.51,0,0,2,5706116813191.087,RUB,2162703487.1748,3,,2024-12-20,
SNDX,IMOEX,2024-12-23,Индекс МосБиржи,Индекс МосБиржи,2702.48,2668.72,2738.7,2658.64,195245804128.16,0,0,2,5844664389718.985,RUB,2162703487.1748,3,,2024-12-23,
SNDX,IMOEX,2024-12-24,Индекс МосБиржи,Индекс МосБиржи,2690.96,2710.92,2722.65,2678.86,122949136551.27,0,0,2,5819747764533.449,RUB,2162703487.1748,3,,2024-12-24,
SNDX,IMOEX,2024-12-25,Индекс МосБиржи,Индекс МосБиржи,2732.83,2680.25,2751.11,2666.38,147108448115.16,0,0,2,5910295323978.571,RUB,2162703487.1748,3,,2024-12-25,
SNDX,IMOEX,2024-12-26,Индекс МосБиржи,Индекс МосБиржи,2766.57,2749.49,2776.33,2738.31,109309247206.51,0,0,2,5983264036615.047,RUB,2162703487.1748,3,,2024-12-26,
SNDX,IMOEX,2024-12-27,Индекс МосБиржи,Индекс МосБиржи,2757.45,2754.56,2766.03,2743.18,73072352135.11,0,0,2,5963554176453.965,RUB,2162703487.1748,3,,2024-12-27,
SNDX,IMOEX,2024-12-28,Индекс МосБиржи,Индекс МосБиржи,2786.67,2763.48,2798.49,2763.48,78817484706.07,0,0,2,6026747653121.912,RUB,2162703487.1748,3,,2024-12-28,
SNDX,IMOEX,2024-12-30,Индекс МосБиржи,Индекс МосБиржи,2883.04,2809.12,2883.04,2809.12,83424690079.4,0,0,2,6235166029489.137,RUB,2162703487.1748,3,,2024-12-30,
